AgentCount,AverageMathTimeMS
10,0.0440508
100,0.0789276
1000,0.303202
10000,2.06667
100000,19.3583
