AgentCount,AverageMathTimeMS
10,0.0962472
100,0.0886551
1000,0.315491
10000,2.11909
100000,20.2129
